Total Nacional;Comunidades y Ciudades Autónomas;Tipo de dato;Periodo;Total
Total Nacional;;Dato base;2023SM52;10.855
Total Nacional;;Dato base;2023SM51;9.812
Total Nacional;;Dato base;2023SM50;9.043
Total Nacional;;Dato base;2023SM49;8.446
Total Nacional;;Dato base;2023SM48;8.588
Total Nacional;;Dato base;2023SM47;8.114
Total Nacional;;Dato base;2023SM46;8.288
Total Nacional;;Dato base;2023SM45;8.120
Total Nacional;;Dato base;2023SM44;7.687
Total Nacional;;Dato base;2023SM43;7.719
Total Nacional;;Dato base;2023SM42;7.575
Total Nacional;;Dato base;2023SM41;7.557
Total Nacional;;Dato base;2023SM40;7.791
Total Nacional;;Dato base;2023SM39;7.526
Total Nacional;;Dato base;2023SM38;7.346
Total Nacional;;Dato base;2023SM37;7.333
Total Nacional;;Dato base;2023SM36;7.621
Total Nacional;;Dato base;2023SM35;7.869
Total Nacional;;Dato base;2023SM34;8.641
Total Nacional;;Dato base;2023SM33;7.875
Total Nacional;;Dato base;2023SM32;7.744
Total Nacional;;Dato base;2023SM31;7.645
Total Nacional;;Dato base;2023SM30;7.513
Total Nacional;;Dato base;2023SM29;7.802
Total Nacional;;Dato base;2023SM28;7.675
Total Nacional;;Dato base;2023SM27;7.448
Total Nacional;;Dato base;2023SM26;7.703
Total Nacional;;Dato base;2023SM25;7.447
Total Nacional;;Dato base;2023SM24;7.589
Total Nacional;;Dato base;2023SM23;7.672
Total Nacional;;Dato base;2023SM22;7.526
Total Nacional;;Dato base;2023SM21;7.732
Total Nacional;;Dato base;2023SM20;7.546
Total Nacional;;Dato base;2023SM19;7.531
Total Nacional;;Dato base;2023SM18;7.592
Total Nacional;;Dato base;2023SM17;8.122
Total Nacional;;Dato base;2023SM16;7.996
Total Nacional;;Dato base;2023SM15;8.198
Total Nacional;;Dato base;2023SM14;8.127
Total Nacional;;Dato base;2023SM13;8.301
Total Nacional;;Dato base;2023SM12;8.400
Total Nacional;;Dato base;2023SM11;8.924
Total Nacional;;Dato base;2023SM10;9.680
Total Nacional;;Dato base;2023SM09;9.585
Total Nacional;;Dato base;2023SM08;9.634
Total Nacional;;Dato base;2023SM07;9.866
Total Nacional;;Dato base;2023SM06;10.178
Total Nacional;;Dato base;2023SM05;10.141
Total Nacional;;Dato base;2023SM04;9.745
Total Nacional;;Dato base;2023SM03;9.850
Total Nacional;;Dato base;2023SM02;10.066
Total Nacional;;Dato base;2023SM01;9.958
Total Nacional;;Dato base;2022SM52;8.384
Total Nacional;;Dato base;2022SM51;9.768
Total Nacional;;Dato base;2022SM50;9.511
Total Nacional;;Dato base;2022SM49;9.491
Total Nacional;;Dato base;2022SM48;9.026
Total Nacional;;Dato base;2022SM47;8.535
Total Nacional;;Dato base;2022SM46;8.441
Total Nacional;;Dato base;2022SM45;8.238
Total Nacional;;Dato base;2022SM44;7.681
Total Nacional;;Dato base;2022SM43;7.960
Total Nacional;;Dato base;2022SM42;8.164
Total Nacional;;Dato base;2022SM41;7.808
Total Nacional;;Dato base;2022SM40;7.993
Total Nacional;;Dato base;2022SM39;7.552
Total Nacional;;Dato base;2022SM38;7.411
Total Nacional;;Dato base;2022SM37;7.634
Total Nacional;;Dato base;2022SM36;7.677
Total Nacional;;Dato base;2022SM35;7.687
Total Nacional;;Dato base;2022SM34;8.197
Total Nacional;;Dato base;2022SM33;8.129
Total Nacional;;Dato base;2022SM32;9.304
Total Nacional;;Dato base;2022SM31;9.478
Total Nacional;;Dato base;2022SM30;9.968
Total Nacional;;Dato base;2022SM29;11.014
Total Nacional;;Dato base;2022SM28;10.900
Total Nacional;;Dato base;2022SM27;9.115
Total Nacional;;Dato base;2022SM26;8.606
Total Nacional;;Dato base;2022SM25;8.573
Total Nacional;;Dato base;2022SM24;9.373
Total Nacional;;Dato base;2022SM23;8.193
Total Nacional;;Dato base;2022SM22;8.167
Total Nacional;;Dato base;2022SM21;8.238
Total Nacional;;Dato base;2022SM20;8.930
Total Nacional;;Dato base;2022SM19;8.832
Total Nacional;;Dato base;2022SM18;8.524
Total Nacional;;Dato base;2022SM17;8.511
Total Nacional;;Dato base;2022SM16;8.410
Total Nacional;;Dato base;2022SM15;8.707
Total Nacional;;Dato base;2022SM14;8.714
Total Nacional;;Dato base;2022SM13;8.525
Total Nacional;;Dato base;2022SM12;8.523
Total Nacional;;Dato base;2022SM11;8.574
Total Nacional;;Dato base;2022SM10;8.537
Total Nacional;;Dato base;2022SM09;8.694
Total Nacional;;Dato base;2022SM08;8.931
Total Nacional;;Dato base;2022SM07;9.316
Total Nacional;;Dato base;2022SM06;10.103
Total Nacional;;Dato base;2022SM05;10.886
Total Nacional;;Dato base;2022SM04;11.205
Total Nacional;;Dato base;2022SM03;10.855
Total Nacional;;Dato base;2022SM02;10.670
Total Nacional;;Dato base;2022SM01;9.953
Total Nacional;;Dato base;2021SM52;9.998
Total Nacional;;Dato base;2021SM51;9.822
Total Nacional;;Dato base;2021SM50;9.543
Total Nacional;;Dato base;2021SM49;9.049
Total Nacional;;Dato base;2021SM48;9.418
Total Nacional;;Dato base;2021SM47;8.884
Total Nacional;;Dato base;2021SM46;8.833
Total Nacional;;Dato base;2021SM45;8.772
Total Nacional;;Dato base;2021SM44;7.869
Total Nacional;;Dato base;2021SM43;8.221
Total Nacional;;Dato base;2021SM42;7.790
Total Nacional;;Dato base;2021SM41;7.644
Total Nacional;;Dato base;2021SM40;7.575
Total Nacional;;Dato base;2021SM39;7.588
Total Nacional;;Dato base;2021SM38;7.467
Total Nacional;;Dato base;2021SM37;7.550
Total Nacional;;Dato base;2021SM36;7.929
Total Nacional;;Dato base;2021SM35;7.975
Total Nacional;;Dato base;2021SM34;8.254
Total Nacional;;Dato base;2021SM33;8.807
Total Nacional;;Dato base;2021SM32;8.903
Total Nacional;;Dato base;2021SM31;8.691
Total Nacional;;Dato base;2021SM30;8.392
Total Nacional;;Dato base;2021SM29;8.505
Total Nacional;;Dato base;2021SM28;7.593
Total Nacional;;Dato base;2021SM27;7.574
Total Nacional;;Dato base;2021SM26;7.587
Total Nacional;;Dato base;2021SM25;7.312
Total Nacional;;Dato base;2021SM24;7.833
Total Nacional;;Dato base;2021SM23;7.737
Total Nacional;;Dato base;2021SM22;7.371
Total Nacional;;Dato base;2021SM21;7.454
Total Nacional;;Dato base;2021SM20;7.627
Total Nacional;;Dato base;2021SM19;7.759
Total Nacional;;Dato base;2021SM18;8.082
Total Nacional;;Dato base;2021SM17;7.880
Total Nacional;;Dato base;2021SM16;8.112
Total Nacional;;Dato base;2021SM15;7.964
Total Nacional;;Dato base;2021SM14;8.097
Total Nacional;;Dato base;2021SM13;8.218
Total Nacional;;Dato base;2021SM12;8.211
Total Nacional;;Dato base;2021SM11;8.097
Total Nacional;;Dato base;2021SM10;8.331
Total Nacional;;Dato base;2021SM09;8.560
Total Nacional;;Dato base;2021SM08;9.044
Total Nacional;;Dato base;2021SM07;9.509
Total Nacional;;Dato base;2021SM06;10.386
Total Nacional;;Dato base;2021SM05;11.590
Total Nacional;;Dato base;2021SM04;12.725
Total Nacional;;Dato base;2021SM03;12.977
Total Nacional;;Dato base;2021SM02;11.881
Total Nacional;;Dato base;2021SM01;10.487
Total Nacional;;Dato base;2020SM53;9.541
Total Nacional;;Dato base;2020SM52;9.038
Total Nacional;;Dato base;2020SM51;9.308
Total Nacional;;Dato base;2020SM50;9.553
Total Nacional;;Dato base;2020SM49;9.555
Total Nacional;;Dato base;2020SM48;9.563
Total Nacional;;Dato base;2020SM47;9.715
Total Nacional;;Dato base;2020SM46;10.043
Total Nacional;;Dato base;2020SM45;10.332
Total Nacional;;Dato base;2020SM44;9.614
Total Nacional;;Dato base;2020SM43;9.491
Total Nacional;;Dato base;2020SM42;8.608
Total Nacional;;Dato base;2020SM41;8.613
Total Nacional;;Dato base;2020SM40;8.208
Total Nacional;;Dato base;2020SM39;8.090
Total Nacional;;Dato base;2020SM38;8.191
Total Nacional;;Dato base;2020SM37;8.024
Total Nacional;;Dato base;2020SM36;7.796
Total Nacional;;Dato base;2020SM35;7.971
Total Nacional;;Dato base;2020SM34;7.916
Total Nacional;;Dato base;2020SM33;8.193
Total Nacional;;Dato base;2020SM32;8.417
Total Nacional;;Dato base;2020SM31;8.615
Total Nacional;;Dato base;2020SM30;7.847
Total Nacional;;Dato base;2020SM29;7.584
Total Nacional;;Dato base;2020SM28;7.759
Total Nacional;;Dato base;2020SM27;7.652
Total Nacional;;Dato base;2020SM26;7.527
Total Nacional;;Dato base;2020SM25;7.047
Total Nacional;;Dato base;2020SM24;6.861
Total Nacional;;Dato base;2020SM23;7.154
Total Nacional;;Dato base;2020SM22;7.637
Total Nacional;;Dato base;2020SM21;7.659
Total Nacional;;Dato base;2020SM20;7.546
Total Nacional;;Dato base;2020SM19;8.475
Total Nacional;;Dato base;2020SM18;9.025
Total Nacional;;Dato base;2020SM17;10.473
Total Nacional;;Dato base;2020SM16;13.260
Total Nacional;;Dato base;2020SM15;17.347
Total Nacional;;Dato base;2020SM14;20.989
Total Nacional;;Dato base;2020SM13;19.862
Total Nacional;;Dato base;2020SM12;12.891
Total Nacional;;Dato base;2020SM11;9.520
Total Nacional;;Dato base;2020SM10;8.504
Total Nacional;;Dato base;2020SM09;8.426
Total Nacional;;Dato base;2020SM08;8.441
Total Nacional;;Dato base;2020SM07;8.882
Total Nacional;;Dato base;2020SM06;9.245
Total Nacional;;Dato base;2020SM05;10.010
Total Nacional;;Dato base;2020SM04;10.014
Total Nacional;;Dato base;2020SM03;9.964
Total Nacional;;Dato base;2020SM02;9.444
Total Nacional;;Dato base;2020SM01;8.761
Total Nacional;;Dato base;2019SM52;8.381
Total Nacional;;Dato base;2019SM51;8.450
Total Nacional;;Dato base;2019SM50;8.375
Total Nacional;;Dato base;2019SM49;8.062
Total Nacional;;Dato base;2019SM48;8.367
Total Nacional;;Dato base;2019SM47;8.258
Total Nacional;;Dato base;2019SM46;8.077
Total Nacional;;Dato base;2019SM45;7.733
Total Nacional;;Dato base;2019SM44;7.752
Total Nacional;;Dato base;2019SM43;7.585
Total Nacional;;Dato base;2019SM42;7.373
Total Nacional;;Dato base;2019SM41;7.376
Total Nacional;;Dato base;2019SM40;7.033
Total Nacional;;Dato base;2019SM39;7.089
Total Nacional;;Dato base;2019SM38;7.058
Total Nacional;;Dato base;2019SM37;6.986
Total Nacional;;Dato base;2019SM36;6.948
Total Nacional;;Dato base;2019SM35;6.939
Total Nacional;;Dato base;2019SM34;6.972
Total Nacional;;Dato base;2019SM33;7.177
Total Nacional;;Dato base;2019SM32;7.366
Total Nacional;;Dato base;2019SM31;7.177
Total Nacional;;Dato base;2019SM30;7.505
Total Nacional;;Dato base;2019SM29;7.357
Total Nacional;;Dato base;2019SM28;7.497
Total Nacional;;Dato base;2019SM27;8.103
Total Nacional;;Dato base;2019SM26;7.616
Total Nacional;;Dato base;2019SM25;7.459
Total Nacional;;Dato base;2019SM24;7.066
Total Nacional;;Dato base;2019SM23;7.558
Total Nacional;;Dato base;2019SM22;7.676
Total Nacional;;Dato base;2019SM21;7.499
Total Nacional;;Dato base;2019SM20;7.587
Total Nacional;;Dato base;2019SM19;7.783
Total Nacional;;Dato base;2019SM18;7.802
Total Nacional;;Dato base;2019SM17;7.804
Total Nacional;;Dato base;2019SM16;7.857
Total Nacional;;Dato base;2019SM15;8.099
Total Nacional;;Dato base;2019SM14;8.134
Total Nacional;;Dato base;2019SM13;8.216
Total Nacional;;Dato base;2019SM12;8.082
Total Nacional;;Dato base;2019SM11;8.246
Total Nacional;;Dato base;2019SM10;8.640
Total Nacional;;Dato base;2019SM09;8.972
Total Nacional;;Dato base;2019SM08;9.269
Total Nacional;;Dato base;2019SM07;9.413
Total Nacional;;Dato base;2019SM06;9.732
Total Nacional;;Dato base;2019SM05;10.023
Total Nacional;;Dato base;2019SM04;10.199
Total Nacional;;Dato base;2019SM03;10.527
Total Nacional;;Dato base;2019SM02;10.078
Total Nacional;;Dato base;2019SM01;9.180
Total Nacional;;Dato base;2018SM52;8.689
Total Nacional;;Dato base;2018SM51;8.468
Total Nacional;;Dato base;2018SM50;8.359
Total Nacional;;Dato base;2018SM49;8.092
Total Nacional;;Dato base;2018SM48;7.979
Total Nacional;;Dato base;2018SM47;7.971
Total Nacional;;Dato base;2018SM46;8.044
Total Nacional;;Dato base;2018SM45;8.078
Total Nacional;;Dato base;2018SM44;7.844
Total Nacional;;Dato base;2018SM43;7.386
Total Nacional;;Dato base;2018SM42;7.403
Total Nacional;;Dato base;2018SM41;7.500
Total Nacional;;Dato base;2018SM40;7.270
Total Nacional;;Dato base;2018SM39;7.296
Total Nacional;;Dato base;2018SM38;7.217
Total Nacional;;Dato base;2018SM37;6.880
Total Nacional;;Dato base;2018SM36;6.957
Total Nacional;;Dato base;2018SM35;6.977
Total Nacional;;Dato base;2018SM34;7.069
Total Nacional;;Dato base;2018SM33;7.239
Total Nacional;;Dato base;2018SM32;8.047
Total Nacional;;Dato base;2018SM31;7.785
Total Nacional;;Dato base;2018SM30;7.196
Total Nacional;;Dato base;2018SM29;7.224
Total Nacional;;Dato base;2018SM28;7.411
Total Nacional;;Dato base;2018SM27;7.352
Total Nacional;;Dato base;2018SM26;7.762
Total Nacional;;Dato base;2018SM25;7.774
Total Nacional;;Dato base;2018SM24;7.202
Total Nacional;;Dato base;2018SM23;7.167
Total Nacional;;Dato base;2018SM22;7.346
Total Nacional;;Dato base;2018SM21;7.565
Total Nacional;;Dato base;2018SM20;7.560
Total Nacional;;Dato base;2018SM19;7.641
Total Nacional;;Dato base;2018SM18;7.409
Total Nacional;;Dato base;2018SM17;7.779
Total Nacional;;Dato base;2018SM16;8.155
Total Nacional;;Dato base;2018SM15;8.373
Total Nacional;;Dato base;2018SM14;8.459
Total Nacional;;Dato base;2018SM13;8.672
Total Nacional;;Dato base;2018SM12;8.655
Total Nacional;;Dato base;2018SM11;8.907
Total Nacional;;Dato base;2018SM10;9.241
Total Nacional;;Dato base;2018SM09;9.646
Total Nacional;;Dato base;2018SM08;9.704
Total Nacional;;Dato base;2018SM07;10.147
Total Nacional;;Dato base;2018SM06;10.065
Total Nacional;;Dato base;2018SM05;9.955
Total Nacional;;Dato base;2018SM04;10.376
Total Nacional;;Dato base;2018SM03;11.014
Total Nacional;;Dato base;2018SM02;10.987
Total Nacional;;Dato base;2018SM01;11.260
Total Nacional;;Dato base;2017SM52;10.475
Total Nacional;;Dato base;2017SM51;9.667
Total Nacional;;Dato base;2017SM50;9.307
Total Nacional;;Dato base;2017SM49;8.658
Total Nacional;;Dato base;2017SM48;8.295
Total Nacional;;Dato base;2017SM47;8.217
Total Nacional;;Dato base;2017SM46;8.111
Total Nacional;;Dato base;2017SM45;7.669
Total Nacional;;Dato base;2017SM44;7.550
Total Nacional;;Dato base;2017SM43;7.343
Total Nacional;;Dato base;2017SM42;7.467
Total Nacional;;Dato base;2017SM41;7.289
Total Nacional;;Dato base;2017SM40;7.454
Total Nacional;;Dato base;2017SM39;7.430
Total Nacional;;Dato base;2017SM38;7.146
Total Nacional;;Dato base;2017SM37;6.791
Total Nacional;;Dato base;2017SM36;6.728
Total Nacional;;Dato base;2017SM35;7.063
Total Nacional;;Dato base;2017SM34;7.255
Total Nacional;;Dato base;2017SM33;7.165
Total Nacional;;Dato base;2017SM32;7.229
Total Nacional;;Dato base;2017SM31;7.646
Total Nacional;;Dato base;2017SM30;7.152
Total Nacional;;Dato base;2017SM29;7.310
Total Nacional;;Dato base;2017SM28;7.254
Total Nacional;;Dato base;2017SM27;7.206
Total Nacional;;Dato base;2017SM26;7.190
Total Nacional;;Dato base;2017SM25;8.038
Total Nacional;;Dato base;2017SM24;7.863
Total Nacional;;Dato base;2017SM23;7.108
Total Nacional;;Dato base;2017SM22;7.142
Total Nacional;;Dato base;2017SM21;7.723
Total Nacional;;Dato base;2017SM20;7.550
Total Nacional;;Dato base;2017SM19;7.663
Total Nacional;;Dato base;2017SM18;7.578
Total Nacional;;Dato base;2017SM17;7.706
Total Nacional;;Dato base;2017SM16;7.613
Total Nacional;;Dato base;2017SM15;7.839
Total Nacional;;Dato base;2017SM14;7.851
Total Nacional;;Dato base;2017SM13;7.874
Total Nacional;;Dato base;2017SM12;7.920
Total Nacional;;Dato base;2017SM11;7.945
Total Nacional;;Dato base;2017SM10;8.264
Total Nacional;;Dato base;2017SM09;8.422
Total Nacional;;Dato base;2017SM08;8.717
Total Nacional;;Dato base;2017SM07;9.064
Total Nacional;;Dato base;2017SM06;9.691
Total Nacional;;Dato base;2017SM05;10.679
Total Nacional;;Dato base;2017SM04;11.130
Total Nacional;;Dato base;2017SM03;11.380
Total Nacional;;Dato base;2017SM02;11.471
Total Nacional;;Dato base;2017SM01;10.771
Total Nacional;;Dato base;2016SM52;9.907
Total Nacional;;Dato base;2016SM51;9.006
Total Nacional;;Dato base;2016SM50;8.648
Total Nacional;;Dato base;2016SM49;8.153
Total Nacional;;Dato base;2016SM48;8.363
Total Nacional;;Dato base;2016SM47;8.127
Total Nacional;;Dato base;2016SM46;8.113
Total Nacional;;Dato base;2016SM45;7.808
Total Nacional;;Dato base;2016SM44;7.275
Total Nacional;;Dato base;2016SM43;7.549
Total Nacional;;Dato base;2016SM42;7.245
Total Nacional;;Dato base;2016SM41;7.093
Total Nacional;;Dato base;2016SM40;7.133
Total Nacional;;Dato base;2016SM39;7.094
Total Nacional;;Dato base;2016SM38;7.017
Total Nacional;;Dato base;2016SM37;6.701
Total Nacional;;Dato base;2016SM36;7.277
Total Nacional;;Dato base;2016SM35;7.159
Total Nacional;;Dato base;2016SM34;7.228
Total Nacional;;Dato base;2016SM33;7.158
Total Nacional;;Dato base;2016SM32;7.275
Total Nacional;;Dato base;2016SM31;7.475
Total Nacional;;Dato base;2016SM30;7.333
Total Nacional;;Dato base;2016SM29;7.412
Total Nacional;;Dato base;2016SM28;7.482
Total Nacional;;Dato base;2016SM27;7.552
Total Nacional;;Dato base;2016SM26;7.385
Total Nacional;;Dato base;2016SM25;7.208
Total Nacional;;Dato base;2016SM24;7.192
Total Nacional;;Dato base;2016SM23;7.621
Total Nacional;;Dato base;2016SM22;7.299
Total Nacional;;Dato base;2016SM21;7.348
Total Nacional;;Dato base;2016SM20;7.591
Total Nacional;;Dato base;2016SM19;7.428
Total Nacional;;Dato base;2016SM18;7.659
Total Nacional;;Dato base;2016SM17;7.506
Total Nacional;;Dato base;2016SM16;7.630
Total Nacional;;Dato base;2016SM15;7.911
Total Nacional;;Dato base;2016SM14;8.036
Total Nacional;;Dato base;2016SM13;8.417
Total Nacional;;Dato base;2016SM12;8.332
Total Nacional;;Dato base;2016SM11;8.872
Total Nacional;;Dato base;2016SM10;8.703
Total Nacional;;Dato base;2016SM09;8.689
Total Nacional;;Dato base;2016SM08;8.707
Total Nacional;;Dato base;2016SM07;8.519
Total Nacional;;Dato base;2016SM06;8.589
Total Nacional;;Dato base;2016SM05;8.506
Total Nacional;;Dato base;2016SM04;8.522
Total Nacional;;Dato base;2016SM03;8.829
Total Nacional;;Dato base;2016SM02;8.718
Total Nacional;;Dato base;2016SM01;8.699
Total Nacional;;Dato base;2015SM53;8.469
Total Nacional;;Dato base;2015SM52;8.072
Total Nacional;;Dato base;2015SM51;8.373
Total Nacional;;Dato base;2015SM50;8.066
Total Nacional;;Dato base;2015SM49;8.112
Total Nacional;;Dato base;2015SM48;7.891
Total Nacional;;Dato base;2015SM47;7.434
Total Nacional;;Dato base;2015SM46;7.356
Total Nacional;;Dato base;2015SM45;7.447
Total Nacional;;Dato base;2015SM44;7.430
Total Nacional;;Dato base;2015SM43;7.310
Total Nacional;;Dato base;2015SM42;7.160
Total Nacional;;Dato base;2015SM41;7.108
Total Nacional;;Dato base;2015SM40;6.853
Total Nacional;;Dato base;2015SM39;6.949
Total Nacional;;Dato base;2015SM38;6.666
Total Nacional;;Dato base;2015SM37;6.709
Total Nacional;;Dato base;2015SM36;6.650
Total Nacional;;Dato base;2015SM35;6.983
Total Nacional;;Dato base;2015SM34;6.836
Total Nacional;;Dato base;2015SM33;7.116
Total Nacional;;Dato base;2015SM32;7.255
Total Nacional;;Dato base;2015SM31;7.391
Total Nacional;;Dato base;2015SM30;7.826
Total Nacional;;Dato base;2015SM29;8.204
Total Nacional;;Dato base;2015SM28;8.397
Total Nacional;;Dato base;2015SM27;8.180
Total Nacional;;Dato base;2015SM26;7.153
Total Nacional;;Dato base;2015SM25;7.004
Total Nacional;;Dato base;2015SM24;7.212
Total Nacional;;Dato base;2015SM23;7.410
Total Nacional;;Dato base;2015SM22;7.146
Total Nacional;;Dato base;2015SM21;7.282
Total Nacional;;Dato base;2015SM20;7.592
Total Nacional;;Dato base;2015SM19;7.510
Total Nacional;;Dato base;2015SM18;7.407
Total Nacional;;Dato base;2015SM17;7.833
Total Nacional;;Dato base;2015SM16;7.900
Total Nacional;;Dato base;2015SM15;7.926
Total Nacional;;Dato base;2015SM14;8.317
Total Nacional;;Dato base;2015SM13;8.401
Total Nacional;;Dato base;2015SM12;8.412
Total Nacional;;Dato base;2015SM11;8.834
Total Nacional;;Dato base;2015SM10;9.463
Total Nacional;;Dato base;2015SM09;10.114
Total Nacional;;Dato base;2015SM08;10.616
Total Nacional;;Dato base;2015SM07;10.892
Total Nacional;;Dato base;2015SM06;10.722
Total Nacional;;Dato base;2015SM05;11.090
Total Nacional;;Dato base;2015SM04;10.665
Total Nacional;;Dato base;2015SM03;10.783
Total Nacional;;Dato base;2015SM02;10.465
Total Nacional;;Dato base;2015SM01;9.652
Total Nacional;;Dato base;2014SM52;8.578
Total Nacional;;Dato base;2014SM51;8.275
Total Nacional;;Dato base;2014SM50;8.026
Total Nacional;;Dato base;2014SM49;7.679
Total Nacional;;Dato base;2014SM48;7.756
Total Nacional;;Dato base;2014SM47;7.666
Total Nacional;;Dato base;2014SM46;7.641
Total Nacional;;Dato base;2014SM45;7.365
Total Nacional;;Dato base;2014SM44;7.322
Total Nacional;;Dato base;2014SM43;7.360
Total Nacional;;Dato base;2014SM42;7.326
Total Nacional;;Dato base;2014SM41;7.041
Total Nacional;;Dato base;2014SM40;7.000
Total Nacional;;Dato base;2014SM39;6.555
Total Nacional;;Dato base;2014SM38;6.698
Total Nacional;;Dato base;2014SM37;6.728
Total Nacional;;Dato base;2014SM36;7.106
Total Nacional;;Dato base;2014SM35;7.043
Total Nacional;;Dato base;2014SM34;6.684
Total Nacional;;Dato base;2014SM33;6.772
Total Nacional;;Dato base;2014SM32;6.931
Total Nacional;;Dato base;2014SM31;6.891
Total Nacional;;Dato base;2014SM30;7.173
Total Nacional;;Dato base;2014SM29;7.097
Total Nacional;;Dato base;2014SM28;6.779
Total Nacional;;Dato base;2014SM27;6.888
Total Nacional;;Dato base;2014SM26;6.896
Total Nacional;;Dato base;2014SM25;7.291
Total Nacional;;Dato base;2014SM24;7.439
Total Nacional;;Dato base;2014SM23;7.186
Total Nacional;;Dato base;2014SM22;6.877
Total Nacional;;Dato base;2014SM21;6.949
Total Nacional;;Dato base;2014SM20;7.082
Total Nacional;;Dato base;2014SM19;7.383
Total Nacional;;Dato base;2014SM18;7.348
Total Nacional;;Dato base;2014SM17;7.032
Total Nacional;;Dato base;2014SM16;7.295
Total Nacional;;Dato base;2014SM15;7.670
Total Nacional;;Dato base;2014SM14;7.788
Total Nacional;;Dato base;2014SM13;7.761
Total Nacional;;Dato base;2014SM12;8.077
Total Nacional;;Dato base;2014SM11;7.838
Total Nacional;;Dato base;2014SM10;8.152
Total Nacional;;Dato base;2014SM09;8.295
Total Nacional;;Dato base;2014SM08;8.437
Total Nacional;;Dato base;2014SM07;8.858
Total Nacional;;Dato base;2014SM06;9.026
Total Nacional;;Dato base;2014SM05;8.906
Total Nacional;;Dato base;2014SM04;9.100
Total Nacional;;Dato base;2014SM03;9.159
Total Nacional;;Dato base;2014SM02;9.037
Total Nacional;;Dato base;2014SM01;9.080
Total Nacional;;Dato base;2013SM52;8.595
Total Nacional;;Dato base;2013SM51;8.483
Total Nacional;;Dato base;2013SM50;8.175
Total Nacional;;Dato base;2013SM49;8.210
Total Nacional;;Dato base;2013SM48;8.090
Total Nacional;;Dato base;2013SM47;7.495
Total Nacional;;Dato base;2013SM46;7.262
Total Nacional;;Dato base;2013SM45;7.395
Total Nacional;;Dato base;2013SM44;6.922
Total Nacional;;Dato base;2013SM43;7.053
Total Nacional;;Dato base;2013SM42;7.009
Total Nacional;;Dato base;2013SM41;6.555
Total Nacional;;Dato base;2013SM40;6.985
Total Nacional;;Dato base;2013SM39;6.959
Total Nacional;;Dato base;2013SM38;6.503
Total Nacional;;Dato base;2013SM37;6.420
Total Nacional;;Dato base;2013SM36;6.466
Total Nacional;;Dato base;2013SM35;6.510
Total Nacional;;Dato base;2013SM34;6.783
Total Nacional;;Dato base;2013SM33;6.816
Total Nacional;;Dato base;2013SM32;6.770
Total Nacional;;Dato base;2013SM31;6.834
Total Nacional;;Dato base;2013SM30;6.935
Total Nacional;;Dato base;2013SM29;7.102
Total Nacional;;Dato base;2013SM28;7.848
Total Nacional;;Dato base;2013SM27;7.331
Total Nacional;;Dato base;2013SM26;6.949
Total Nacional;;Dato base;2013SM25;6.704
Total Nacional;;Dato base;2013SM24;7.366
Total Nacional;;Dato base;2013SM23;7.210
Total Nacional;;Dato base;2013SM22;7.028
Total Nacional;;Dato base;2013SM21;6.975
Total Nacional;;Dato base;2013SM20;7.065
Total Nacional;;Dato base;2013SM19;7.212
Total Nacional;;Dato base;2013SM18;7.095
Total Nacional;;Dato base;2013SM17;7.058
Total Nacional;;Dato base;2013SM16;7.290
Total Nacional;;Dato base;2013SM15;7.574
Total Nacional;;Dato base;2013SM14;7.584
Total Nacional;;Dato base;2013SM13;7.742
Total Nacional;;Dato base;2013SM12;8.163
Total Nacional;;Dato base;2013SM11;7.990
Total Nacional;;Dato base;2013SM10;8.782
Total Nacional;;Dato base;2013SM09;8.510
Total Nacional;;Dato base;2013SM08;8.538
Total Nacional;;Dato base;2013SM07;8.639
Total Nacional;;Dato base;2013SM06;8.357
Total Nacional;;Dato base;2013SM05;8.385
Total Nacional;;Dato base;2013SM04;8.355
Total Nacional;;Dato base;2013SM03;8.600
Total Nacional;;Dato base;2013SM02;8.447
Total Nacional;;Dato base;2013SM01;7.944
Total Nacional;;Dato base;2012SM52;7.891
Total Nacional;;Dato base;2012SM51;7.892
Total Nacional;;Dato base;2012SM50;8.156
Total Nacional;;Dato base;2012SM49;7.773
Total Nacional;;Dato base;2012SM48;7.359
Total Nacional;;Dato base;2012SM47;7.331
Total Nacional;;Dato base;2012SM46;7.448
Total Nacional;;Dato base;2012SM45;7.406
Total Nacional;;Dato base;2012SM44;7.375
Total Nacional;;Dato base;2012SM43;6.722
Total Nacional;;Dato base;2012SM42;6.906
Total Nacional;;Dato base;2012SM41;6.883
Total Nacional;;Dato base;2012SM40;6.705
Total Nacional;;Dato base;2012SM39;6.316
Total Nacional;;Dato base;2012SM38;6.690
Total Nacional;;Dato base;2012SM37;6.579
Total Nacional;;Dato base;2012SM36;6.696
Total Nacional;;Dato base;2012SM35;6.578
Total Nacional;;Dato base;2012SM34;7.185
Total Nacional;;Dato base;2012SM33;6.874
Total Nacional;;Dato base;2012SM32;6.994
Total Nacional;;Dato base;2012SM31;6.782
Total Nacional;;Dato base;2012SM30;6.879
Total Nacional;;Dato base;2012SM29;6.653
Total Nacional;;Dato base;2012SM28;6.715
Total Nacional;;Dato base;2012SM27;6.482
Total Nacional;;Dato base;2012SM26;7.315
Total Nacional;;Dato base;2012SM25;6.625
Total Nacional;;Dato base;2012SM24;6.534
Total Nacional;;Dato base;2012SM23;6.797
Total Nacional;;Dato base;2012SM22;7.045
Total Nacional;;Dato base;2012SM21;7.017
Total Nacional;;Dato base;2012SM20;7.276
Total Nacional;;Dato base;2012SM19;7.658
Total Nacional;;Dato base;2012SM18;7.421
Total Nacional;;Dato base;2012SM17;7.592
Total Nacional;;Dato base;2012SM16;7.731
Total Nacional;;Dato base;2012SM15;7.660
Total Nacional;;Dato base;2012SM14;7.786
Total Nacional;;Dato base;2012SM13;8.169
Total Nacional;;Dato base;2012SM12;8.121
Total Nacional;;Dato base;2012SM11;8.939
Total Nacional;;Dato base;2012SM10;9.339
Total Nacional;;Dato base;2012SM09;10.583
Total Nacional;;Dato base;2012SM08;11.025
Total Nacional;;Dato base;2012SM07;11.147
Total Nacional;;Dato base;2012SM06;10.092
Total Nacional;;Dato base;2012SM05;9.300
Total Nacional;;Dato base;2012SM04;8.964
Total Nacional;;Dato base;2012SM03;9.262
Total Nacional;;Dato base;2012SM02;9.162
Total Nacional;;Dato base;2012SM01;8.729
Total Nacional;;Dato base;2011SM52;8.753
Total Nacional;;Dato base;2011SM51;8.408
Total Nacional;;Dato base;2011SM50;8.030
Total Nacional;;Dato base;2011SM49;7.849
Total Nacional;;Dato base;2011SM48;7.679
Total Nacional;;Dato base;2011SM47;7.346
Total Nacional;;Dato base;2011SM46;7.433
Total Nacional;;Dato base;2011SM45;7.435
Total Nacional;;Dato base;2011SM44;7.461
Total Nacional;;Dato base;2011SM43;7.337
Total Nacional;;Dato base;2011SM42;7.176
Total Nacional;;Dato base;2011SM41;7.139
Total Nacional;;Dato base;2011SM40;6.947
Total Nacional;;Dato base;2011SM39;6.813
Total Nacional;;Dato base;2011SM38;6.419
Total Nacional;;Dato base;2011SM37;6.745
Total Nacional;;Dato base;2011SM36;6.652
Total Nacional;;Dato base;2011SM35;6.670
Total Nacional;;Dato base;2011SM34;6.928
Total Nacional;;Dato base;2011SM33;7.087
Total Nacional;;Dato base;2011SM32;6.857
Total Nacional;;Dato base;2011SM31;6.945
Total Nacional;;Dato base;2011SM30;6.728
Total Nacional;;Dato base;2011SM29;6.657
Total Nacional;;Dato base;2011SM28;6.867
Total Nacional;;Dato base;2011SM27;6.913
Total Nacional;;Dato base;2011SM26;7.426
Total Nacional;;Dato base;2011SM25;7.076
Total Nacional;;Dato base;2011SM24;6.894
Total Nacional;;Dato base;2011SM23;6.732
Total Nacional;;Dato base;2011SM22;6.785
Total Nacional;;Dato base;2011SM21;7.253
Total Nacional;;Dato base;2011SM20;6.903
Total Nacional;;Dato base;2011SM19;7.035
Total Nacional;;Dato base;2011SM18;6.970
Total Nacional;;Dato base;2011SM17;7.120
Total Nacional;;Dato base;2011SM16;6.947
Total Nacional;;Dato base;2011SM15;7.103
Total Nacional;;Dato base;2011SM14;7.597
Total Nacional;;Dato base;2011SM13;7.677
Total Nacional;;Dato base;2011SM12;7.557
Total Nacional;;Dato base;2011SM11;7.879
Total Nacional;;Dato base;2011SM10;8.005
Total Nacional;;Dato base;2011SM09;7.849
Total Nacional;;Dato base;2011SM08;8.166
Total Nacional;;Dato base;2011SM07;8.526
Total Nacional;;Dato base;2011SM06;8.723
Total Nacional;;Dato base;2011SM05;8.686
Total Nacional;;Dato base;2011SM04;8.730
Total Nacional;;Dato base;2011SM03;8.446
Total Nacional;;Dato base;2011SM02;8.470
Total Nacional;;Dato base;2011SM01;8.908
Total Nacional;;Dato base;2010SM52;8.540
Total Nacional;;Dato base;2010SM51;7.953
Total Nacional;;Dato base;2010SM50;7.702
Total Nacional;;Dato base;2010SM49;7.812
Total Nacional;;Dato base;2010SM48;7.795
Total Nacional;;Dato base;2010SM47;7.565
Total Nacional;;Dato base;2010SM46;7.378
Total Nacional;;Dato base;2010SM45;7.334
Total Nacional;;Dato base;2010SM44;7.318
Total Nacional;;Dato base;2010SM43;7.340
Total Nacional;;Dato base;2010SM42;7.106
Total Nacional;;Dato base;2010SM41;6.718
Total Nacional;;Dato base;2010SM40;7.000
Total Nacional;;Dato base;2010SM39;6.692
Total Nacional;;Dato base;2010SM38;6.534
Total Nacional;;Dato base;2010SM37;6.368
Total Nacional;;Dato base;2010SM36;6.461
Total Nacional;;Dato base;2010SM35;6.595
Total Nacional;;Dato base;2010SM34;6.866
Total Nacional;;Dato base;2010SM33;6.586
Total Nacional;;Dato base;2010SM32;6.790
Total Nacional;;Dato base;2010SM31;6.690
Total Nacional;;Dato base;2010SM30;6.685
Total Nacional;;Dato base;2010SM29;6.919
Total Nacional;;Dato base;2010SM28;7.335
Total Nacional;;Dato base;2010SM27;7.389
Total Nacional;;Dato base;2010SM26;7.257
Total Nacional;;Dato base;2010SM25;6.833
Total Nacional;;Dato base;2010SM24;6.531
Total Nacional;;Dato base;2010SM23;6.516
Total Nacional;;Dato base;2010SM22;7.200
Total Nacional;;Dato base;2010SM21;7.204
Total Nacional;;Dato base;2010SM20;7.303
Total Nacional;;Dato base;2010SM19;6.917
Total Nacional;;Dato base;2010SM18;6.851
Total Nacional;;Dato base;2010SM17;7.259
Total Nacional;;Dato base;2010SM16;7.189
Total Nacional;;Dato base;2010SM15;7.513
Total Nacional;;Dato base;2010SM14;7.331
Total Nacional;;Dato base;2010SM13;7.257
Total Nacional;;Dato base;2010SM12;7.604
Total Nacional;;Dato base;2010SM11;7.811
Total Nacional;;Dato base;2010SM10;7.533
Total Nacional;;Dato base;2010SM09;7.511
Total Nacional;;Dato base;2010SM08;8.089
Total Nacional;;Dato base;2010SM07;8.322
Total Nacional;;Dato base;2010SM06;7.981
Total Nacional;;Dato base;2010SM05;8.172
Total Nacional;;Dato base;2010SM04;8.089
Total Nacional;;Dato base;2010SM03;8.351
Total Nacional;;Dato base;2010SM02;8.673
Total Nacional;;Dato base;2010SM01;8.226
